currerbell - villette,janedoe - sense_and_sensibility
0.3242279896877527,0.8084140532952366
0.7573172562473185,0.3822933052871332
0.23146775468449443,0.07983518129403479
0.44521172543139914,0.24699080805727053
0.5105866332268684,0.2806946110470297
0.06712478605330262,0.049070451026658655
